density_sample_id,hole_id,dataset_id,project_id,campaign_id,from_m,to_m,length_m,density_t_m3
QV-C01-001-D0001,QV-C01-001,DS00,quebrada_verde,CAMPAIGN_01,19.706881657,20.706881657,1.000000000,2.742587840
QV-C01-001-D0002,QV-C01-001,DS00,quebrada_verde,CAMPAIGN_01,44.706881657,45.706881657,1.000000000,2.723700116
QV-C01-001-D0003,QV-C01-001,DS00,quebrada_verde,CAMPAIGN_01,69.706881657,70.706881657,1.000000000,2.703235419
QV-C01-001-D0004,QV-C01-001,DS00,quebrada_verde,CAMPAIGN_01,94.706881657,95.706881657,1.000000000,2.690533958
QV-C01-001-D0005,QV-C01-001,DS00,quebrada_verde,CAMPAIGN_01,119.706881657,120.706881657,1.000000000,2.725885425
QV-C01-001-D0006,QV-C01-001,DS00,quebrada_verde,CAMPAIGN_01,144.706881657,145.706881657,1.000000000,2.719480956
QV-C01-001-D0007,QV-C01-001,DS00,quebrada_verde,CAMPAIGN_01,169.706881657,170.706881657,1.000000000,2.716403432
QV-C01-001-D0008,QV-C01-001,DS00,quebrada_verde,CAMPAIGN_01,194.706881657,195.706881657,1.000000000,2.722470992
QV-C01-001-D0009,QV-C01-001,DS00,quebrada_verde,CAMPAIGN_01,219.706881657,220.706881657,1.000000000,2.715539026
QV-C01-001-D0010,QV-C01-001,DS00,quebrada_verde,CAMPAIGN_01,244.706881657,245.706881657,1.000000000,2.694149370
QV-C01-002-D0001,QV-C01-002,DS00,quebrada_verde,CAMPAIGN_01,9.290746501,10.290746501,1.000000000,2.683770329
QV-C01-002-D0002,QV-C01-002,DS00,quebrada_verde,CAMPAIGN_01,34.290746501,35.290746501,1.000000000,2.718193285
QV-C01-002-D0003,QV-C01-002,DS00,quebrada_verde,CAMPAIGN_01,59.290746501,60.290746501,1.000000000,2.725963941
QV-C01-002-D0004,QV-C01-002,DS00,quebrada_verde,CAMPAIGN_01,84.290746501,85.290746501,1.000000000,2.691076917
QV-C01-002-D0005,QV-C01-002,DS00,quebrada_verde,CAMPAIGN_01,109.290746501,110.290746501,1.000000000,2.708398692
QV-C01-002-D0006,QV-C01-002,DS00,quebrada_verde,CAMPAIGN_01,134.290746501,135.290746501,1.000000000,2.720608591
QV-C01-002-D0007,QV-C01-002,DS00,quebrada_verde,CAMPAIGN_01,159.290746501,160.290746501,1.000000000,2.726086948
QV-C01-002-D0008,QV-C01-002,DS00,quebrada_verde,CAMPAIGN_01,184.290746501,185.290746501,1.000000000,2.743621459
QV-C01-002-D0009,QV-C01-002,DS00,quebrada_verde,CAMPAIGN_01,209.290746501,210.290746501,1.000000000,2.730639339
QV-C01-002-D0010,QV-C01-002,DS00,quebrada_verde,CAMPAIGN_01,234.290746501,235.290746501,1.000000000,2.711982511
QV-C01-002-D0011,QV-C01-002,DS00,quebrada_verde,CAMPAIGN_01,259.290746501,260.290746501,1.000000000,2.740543067
QV-C01-002-D0012,QV-C01-002,DS00,quebrada_verde,CAMPAIGN_01,284.290746501,285.290746501,1.000000000,2.717623367
QV-C01-003-D0001,QV-C01-003,DS00,quebrada_verde,CAMPAIGN_01,0.395203966,1.395203966,1.000000000,2.172560648
QV-C01-003-D0002,QV-C01-003,DS00,quebrada_verde,CAMPAIGN_01,25.395203966,26.395203966,1.000000000,2.746440697
QV-C01-003-D0003,QV-C01-003,DS00,quebrada_verde,CAMPAIGN_01,50.395203966,51.395203966,1.000000000,2.729585852
QV-C01-003-D0004,QV-C01-003,DS00,quebrada_verde,CAMPAIGN_01,75.395203966,76.395203966,1.000000000,2.742384144
QV-C01-003-D0005,QV-C01-003,DS00,quebrada_verde,CAMPAIGN_01,100.395203966,101.395203966,1.000000000,2.708731680
QV-C01-003-D0006,QV-C01-003,DS00,quebrada_verde,CAMPAIGN_01,125.395203966,126.395203966,1.000000000,2.702113636
QV-C01-003-D0007,QV-C01-003,DS00,quebrada_verde,CAMPAIGN_01,150.395203966,151.395203966,1.000000000,2.728817230
QV-C01-003-D0008,QV-C01-003,DS00,quebrada_verde,CAMPAIGN_01,175.395203966,176.395203966,1.000000000,2.713977871
QV-C01-003-D0009,QV-C01-003,DS00,quebrada_verde,CAMPAIGN_01,200.395203966,201.395203966,1.000000000,2.696276252
QV-C01-003-D0010,QV-C01-003,DS00,quebrada_verde,CAMPAIGN_01,225.395203966,226.395203966,1.000000000,2.734303457
QV-C01-003-D0011,QV-C01-003,DS00,quebrada_verde,CAMPAIGN_01,250.395203966,251.395203966,1.000000000,2.755476007
QV-C01-003-D0012,QV-C01-003,DS00,quebrada_verde,CAMPAIGN_01,275.395203966,276.395203966,1.000000000,2.709574833
QV-C01-003-D0013,QV-C01-003,DS00,quebrada_verde,CAMPAIGN_01,300.395203966,301.395203966,1.000000000,2.714574072
QV-C01-003-D0014,QV-C01-003,DS00,quebrada_verde,CAMPAIGN_01,325.395203966,326.395203966,1.000000000,2.749098886
QV-C01-003-D0015,QV-C01-003,DS00,quebrada_verde,CAMPAIGN_01,350.395203966,351.395203966,1.000000000,2.702384074
QV-C01-004-D0001,QV-C01-004,DS00,quebrada_verde,CAMPAIGN_01,15.929984712,16.929984712,1.000000000,2.712691349
QV-C01-004-D0002,QV-C01-004,DS00,quebrada_verde,CAMPAIGN_01,40.929984712,41.929984712,1.000000000,2.688767151
QV-C01-004-D0003,QV-C01-004,DS00,quebrada_verde,CAMPAIGN_01,65.929984712,66.929984712,1.000000000,2.729419882
QV-C01-004-D0004,QV-C01-004,DS00,quebrada_verde,CAMPAIGN_01,90.929984712,91.929984712,1.000000000,2.739451306
QV-C01-004-D0005,QV-C01-004,DS00,quebrada_verde,CAMPAIGN_01,115.929984712,116.929984712,1.000000000,2.669406176
QV-C01-004-D0006,QV-C01-004,DS00,quebrada_verde,CAMPAIGN_01,140.929984712,141.929984712,1.000000000,2.721887630
QV-C01-004-D0007,QV-C01-004,DS00,quebrada_verde,CAMPAIGN_01,165.929984712,166.929984712,1.000000000,2.706815058
QV-C01-004-D0008,QV-C01-004,DS00,quebrada_verde,CAMPAIGN_01,190.929984712,191.929984712,1.000000000,2.716483692
QV-C01-004-D0009,QV-C01-004,DS00,quebrada_verde,CAMPAIGN_01,215.929984712,216.929984712,1.000000000,2.719350632
QV-C01-004-D0010,QV-C01-004,DS00,quebrada_verde,CAMPAIGN_01,240.929984712,241.929984712,1.000000000,2.745882446
QV-C01-004-D0011,QV-C01-004,DS00,quebrada_verde,CAMPAIGN_01,265.929984712,266.929984712,1.000000000,2.717931846
QV-C01-004-D0012,QV-C01-004,DS00,quebrada_verde,CAMPAIGN_01,290.929984712,291.929984712,1.000000000,2.739150537
QV-C01-004-D0013,QV-C01-004,DS00,quebrada_verde,CAMPAIGN_01,315.929984712,316.929984712,1.000000000,2.734794434
QV-C01-004-D0014,QV-C01-004,DS00,quebrada_verde,CAMPAIGN_01,340.929984712,341.929984712,1.000000000,2.740312416
QV-C01-004-D0015,QV-C01-004,DS00,quebrada_verde,CAMPAIGN_01,365.929984712,366.929984712,1.000000000,2.699555669
QV-C01-004-D0016,QV-C01-004,DS00,quebrada_verde,CAMPAIGN_01,390.929984712,391.929984712,1.000000000,2.707582854
QV-C01-004-D0017,QV-C01-004,DS00,quebrada_verde,CAMPAIGN_01,415.929984712,416.929984712,1.000000000,2.753171706
QV-C01-005-D0001,QV-C01-005,DS00,quebrada_verde,CAMPAIGN_01,21.121421962,22.121421962,1.000000000,2.736711618
QV-C01-005-D0002,QV-C01-005,DS00,quebrada_verde,CAMPAIGN_01,46.121421962,47.121421962,1.000000000,2.726486142
QV-C01-005-D0003,QV-C01-005,DS00,quebrada_verde,CAMPAIGN_01,71.121421962,72.121421962,1.000000000,2.705343487
QV-C01-005-D0004,QV-C01-005,DS00,quebrada_verde,CAMPAIGN_01,96.121421962,97.121421962,1.000000000,2.676499940
QV-C01-005-D0005,QV-C01-005,DS00,quebrada_verde,CAMPAIGN_01,121.121421962,122.121421962,1.000000000,2.699237123
QV-C01-005-D0006,QV-C01-005,DS00,quebrada_verde,CAMPAIGN_01,146.121421962,147.121421962,1.000000000,2.674123635
QV-C01-005-D0007,QV-C01-005,DS00,quebrada_verde,CAMPAIGN_01,171.121421962,172.121421962,1.000000000,2.663266471
QV-C01-005-D0008,QV-C01-005,DS00,quebrada_verde,CAMPAIGN_01,196.121421962,197.121421962,1.000000000,2.727605745
QV-C01-006-D0001,QV-C01-006,DS00,quebrada_verde,CAMPAIGN_01,18.695036516,19.695036516,1.000000000,2.686520550
QV-C01-006-D0002,QV-C01-006,DS00,quebrada_verde,CAMPAIGN_01,43.695036516,44.695036516,1.000000000,2.651311503
QV-C01-006-D0003,QV-C01-006,DS00,quebrada_verde,CAMPAIGN_01,68.695036516,69.695036516,1.000000000,2.663082445
QV-C01-006-D0004,QV-C01-006,DS00,quebrada_verde,CAMPAIGN_01,93.695036516,94.695036516,1.000000000,2.675111550
QV-C01-006-D0005,QV-C01-006,DS00,quebrada_verde,CAMPAIGN_01,118.695036516,119.695036516,1.000000000,2.642888241
QV-C01-006-D0006,QV-C01-006,DS00,quebrada_verde,CAMPAIGN_01,143.695036516,144.695036516,1.000000000,2.660384746
QV-C01-006-D0007,QV-C01-006,DS00,quebrada_verde,CAMPAIGN_01,168.695036516,169.695036516,1.000000000,2.628450879
QV-C01-006-D0008,QV-C01-006,DS00,quebrada_verde,CAMPAIGN_01,193.695036516,194.695036516,1.000000000,2.651407802
QV-C01-006-D0009,QV-C01-006,DS00,quebrada_verde,CAMPAIGN_01,218.695036516,219.695036516,1.000000000,2.653653148
QV-C01-006-D0010,QV-C01-006,DS00,quebrada_verde,CAMPAIGN_01,243.695036516,244.695036516,1.000000000,2.676848173
QV-C01-007-D0001,QV-C01-007,DS00,quebrada_verde,CAMPAIGN_01,18.764077864,19.764077864,1.000000000,2.687859409
QV-C01-007-D0002,QV-C01-007,DS00,quebrada_verde,CAMPAIGN_01,43.764077864,44.764077864,1.000000000,2.652986447
QV-C01-007-D0003,QV-C01-007,DS00,quebrada_verde,CAMPAIGN_01,68.764077864,69.764077864,1.000000000,2.644704854
QV-C01-007-D0004,QV-C01-007,DS00,quebrada_verde,CAMPAIGN_01,93.764077864,94.764077864,1.000000000,2.655943394
QV-C01-007-D0005,QV-C01-007,DS00,quebrada_verde,CAMPAIGN_01,118.764077864,119.764077864,1.000000000,2.645028090
QV-C01-007-D0006,QV-C01-007,DS00,quebrada_verde,CAMPAIGN_01,143.764077864,144.764077864,1.000000000,2.648344565
QV-C01-007-D0007,QV-C01-007,DS00,quebrada_verde,CAMPAIGN_01,168.764077864,169.764077864,1.000000000,2.686497684
QV-C01-007-D0008,QV-C01-007,DS00,quebrada_verde,CAMPAIGN_01,193.764077864,194.764077864,1.000000000,2.696638728
QV-C01-007-D0009,QV-C01-007,DS00,quebrada_verde,CAMPAIGN_01,218.764077864,219.764077864,1.000000000,2.648698207
QV-C01-007-D0010,QV-C01-007,DS00,quebrada_verde,CAMPAIGN_01,243.764077864,244.764077864,1.000000000,2.676588871
QV-C01-007-D0011,QV-C01-007,DS00,quebrada_verde,CAMPAIGN_01,268.764077864,269.764077864,1.000000000,2.654704199
QV-C01-007-D0012,QV-C01-007,DS00,quebrada_verde,CAMPAIGN_01,293.764077864,294.764077864,1.000000000,2.657865534
QV-C01-008-D0001,QV-C01-008,DS00,quebrada_verde,CAMPAIGN_01,17.962890869,18.962890869,1.000000000,2.717568235
QV-C01-008-D0002,QV-C01-008,DS00,quebrada_verde,CAMPAIGN_01,42.962890869,43.962890869,1.000000000,2.701479165
QV-C01-008-D0003,QV-C01-008,DS00,quebrada_verde,CAMPAIGN_01,67.962890869,68.962890869,1.000000000,2.714832187
QV-C01-008-D0004,QV-C01-008,DS00,quebrada_verde,CAMPAIGN_01,92.962890869,93.962890869,1.000000000,2.693112643
QV-C01-008-D0005,QV-C01-008,DS00,quebrada_verde,CAMPAIGN_01,117.962890869,118.962890869,1.000000000,2.708521547
QV-C01-008-D0006,QV-C01-008,DS00,quebrada_verde,CAMPAIGN_01,142.962890869,143.962890869,1.000000000,2.704955862
QV-C01-008-D0007,QV-C01-008,DS00,quebrada_verde,CAMPAIGN_01,167.962890869,168.962890869,1.000000000,2.705112138
QV-C01-008-D0008,QV-C01-008,DS00,quebrada_verde,CAMPAIGN_01,192.962890869,193.962890869,1.000000000,2.711842339
QV-C01-008-D0009,QV-C01-008,DS00,quebrada_verde,CAMPAIGN_01,217.962890869,218.962890869,1.000000000,2.707846143
QV-C01-008-D0010,QV-C01-008,DS00,quebrada_verde,CAMPAIGN_01,242.962890869,243.962890869,1.000000000,2.700354829
QV-C01-008-D0011,QV-C01-008,DS00,quebrada_verde,CAMPAIGN_01,267.962890869,268.962890869,1.000000000,2.758043408
QV-C01-008-D0012,QV-C01-008,DS00,quebrada_verde,CAMPAIGN_01,292.962890869,293.962890869,1.000000000,2.737477519
QV-C01-008-D0013,QV-C01-008,DS00,quebrada_verde,CAMPAIGN_01,317.962890869,318.962890869,1.000000000,2.690383939
QV-C01-008-D0014,QV-C01-008,DS00,quebrada_verde,CAMPAIGN_01,342.962890869,343.962890869,1.000000000,2.656572445
QV-C01-008-D0015,QV-C01-008,DS00,quebrada_verde,CAMPAIGN_01,367.962890869,368.962890869,1.000000000,2.671458946
QV-C01-008-D0016,QV-C01-008,DS00,quebrada_verde,CAMPAIGN_01,392.962890869,393.962890869,1.000000000,2.663336125
QV-C01-008-D0017,QV-C01-008,DS00,quebrada_verde,CAMPAIGN_01,417.962890869,418.962890869,1.000000000,2.646226780
QV-C01-009-D0001,QV-C01-009,DS00,quebrada_verde,CAMPAIGN_01,23.892112911,24.892112911,1.000000000,2.740838124
QV-C01-009-D0002,QV-C01-009,DS00,quebrada_verde,CAMPAIGN_01,48.892112911,49.892112911,1.000000000,2.703997467
QV-C01-009-D0003,QV-C01-009,DS00,quebrada_verde,CAMPAIGN_01,73.892112911,74.892112911,1.000000000,2.698068230
QV-C01-009-D0004,QV-C01-009,DS00,quebrada_verde,CAMPAIGN_01,98.892112911,99.892112911,1.000000000,2.733027995
QV-C01-009-D0005,QV-C01-009,DS00,quebrada_verde,CAMPAIGN_01,123.892112911,124.892112911,1.000000000,2.746687135
QV-C01-009-D0006,QV-C01-009,DS00,quebrada_verde,CAMPAIGN_01,148.892112911,149.892112911,1.000000000,2.710223327
QV-C01-009-D0007,QV-C01-009,DS00,quebrada_verde,CAMPAIGN_01,173.892112911,174.892112911,1.000000000,2.710720483
QV-C01-009-D0008,QV-C01-009,DS00,quebrada_verde,CAMPAIGN_01,198.892112911,199.892112911,1.000000000,2.694256787
QV-C01-010-D0001,QV-C01-010,DS00,quebrada_verde,CAMPAIGN_01,3.258172546,4.258172546,1.000000000,2.171962871
QV-C01-010-D0002,QV-C01-010,DS00,quebrada_verde,CAMPAIGN_01,28.258172546,29.258172546,1.000000000,2.642868445
QV-C01-010-D0003,QV-C01-010,DS00,quebrada_verde,CAMPAIGN_01,53.258172546,54.258172546,1.000000000,2.673006769
QV-C01-010-D0004,QV-C01-010,DS00,quebrada_verde,CAMPAIGN_01,78.258172546,79.258172546,1.000000000,2.607040332
QV-C01-010-D0005,QV-C01-010,DS00,quebrada_verde,CAMPAIGN_01,103.258172546,104.258172546,1.000000000,2.655316602
QV-C01-010-D0006,QV-C01-010,DS00,quebrada_verde,CAMPAIGN_01,128.258172546,129.258172546,1.000000000,2.628469954
QV-C01-010-D0007,QV-C01-010,DS00,quebrada_verde,CAMPAIGN_01,153.258172546,154.258172546,1.000000000,2.645321987
QV-C01-010-D0008,QV-C01-010,DS00,quebrada_verde,CAMPAIGN_01,178.258172546,179.258172546,1.000000000,2.669178731
QV-C01-010-D0009,QV-C01-010,DS00,quebrada_verde,CAMPAIGN_01,203.258172546,204.258172546,1.000000000,2.620558605
QV-C01-011-D0001,QV-C01-011,DS00,quebrada_verde,CAMPAIGN_01,22.762349202,23.762349202,1.000000000,2.662528181
QV-C01-011-D0002,QV-C01-011,DS00,quebrada_verde,CAMPAIGN_01,47.762349202,48.762349202,1.000000000,2.656914615
QV-C01-011-D0003,QV-C01-011,DS00,quebrada_verde,CAMPAIGN_01,72.762349202,73.762349202,1.000000000,2.601961230
QV-C01-011-D0004,QV-C01-011,DS00,quebrada_verde,CAMPAIGN_01,97.762349202,98.762349202,1.000000000,2.651954269
QV-C01-011-D0005,QV-C01-011,DS00,quebrada_verde,CAMPAIGN_01,122.762349202,123.762349202,1.000000000,2.657780348
QV-C01-011-D0006,QV-C01-011,DS00,quebrada_verde,CAMPAIGN_01,147.762349202,148.762349202,1.000000000,2.637222623
QV-C01-011-D0007,QV-C01-011,DS00,quebrada_verde,CAMPAIGN_01,172.762349202,173.762349202,1.000000000,2.660338890
QV-C01-011-D0008,QV-C01-011,DS00,quebrada_verde,CAMPAIGN_01,197.762349202,198.762349202,1.000000000,2.646272948
QV-C01-011-D0009,QV-C01-011,DS00,quebrada_verde,CAMPAIGN_01,222.762349202,223.762349202,1.000000000,2.649389774
QV-C01-011-D0010,QV-C01-011,DS00,quebrada_verde,CAMPAIGN_01,247.762349202,248.762349202,1.000000000,2.675473261
QV-C01-012-D0001,QV-C01-012,DS00,quebrada_verde,CAMPAIGN_01,14.902083436,15.902083436,1.000000000,2.705513974
QV-C01-012-D0002,QV-C01-012,DS00,quebrada_verde,CAMPAIGN_01,39.902083436,40.902083436,1.000000000,2.730738516
QV-C01-012-D0003,QV-C01-012,DS00,quebrada_verde,CAMPAIGN_01,64.902083436,65.902083436,1.000000000,2.705092395
QV-C01-012-D0004,QV-C01-012,DS00,quebrada_verde,CAMPAIGN_01,89.902083436,90.902083436,1.000000000,2.743912075
QV-C01-012-D0005,QV-C01-012,DS00,quebrada_verde,CAMPAIGN_01,114.902083436,115.902083436,1.000000000,2.679820635
QV-C01-012-D0006,QV-C01-012,DS00,quebrada_verde,CAMPAIGN_01,139.902083436,140.902083436,1.000000000,2.738314265
QV-C01-012-D0007,QV-C01-012,DS00,quebrada_verde,CAMPAIGN_01,164.902083436,165.902083436,1.000000000,2.726456354
QV-C01-012-D0008,QV-C01-012,DS00,quebrada_verde,CAMPAIGN_01,189.902083436,190.902083436,1.000000000,2.717260195
QV-C01-012-D0009,QV-C01-012,DS00,quebrada_verde,CAMPAIGN_01,214.902083436,215.902083436,1.000000000,2.707966742
QV-C01-012-D0010,QV-C01-012,DS00,quebrada_verde,CAMPAIGN_01,239.902083436,240.902083436,1.000000000,2.684691108
QV-C01-012-D0011,QV-C01-012,DS00,quebrada_verde,CAMPAIGN_01,264.902083436,265.902083436,1.000000000,2.730434316
QV-C01-012-D0012,QV-C01-012,DS00,quebrada_verde,CAMPAIGN_01,289.902083436,290.902083436,1.000000000,2.691571064
QV-C01-013-D0001,QV-C01-013,DS00,quebrada_verde,CAMPAIGN_01,12.006537861,13.006537861,1.000000000,2.718656366
QV-C01-013-D0002,QV-C01-013,DS00,quebrada_verde,CAMPAIGN_01,37.006537861,38.006537861,1.000000000,2.721844212
QV-C01-013-D0003,QV-C01-013,DS00,quebrada_verde,CAMPAIGN_01,62.006537861,63.006537861,1.000000000,2.699988018
QV-C01-013-D0004,QV-C01-013,DS00,quebrada_verde,CAMPAIGN_01,87.006537861,88.006537861,1.000000000,2.741672206
QV-C01-013-D0005,QV-C01-013,DS00,quebrada_verde,CAMPAIGN_01,112.006537861,113.006537861,1.000000000,2.692380068
QV-C01-013-D0006,QV-C01-013,DS00,quebrada_verde,CAMPAIGN_01,137.006537861,138.006537861,1.000000000,2.717059258
QV-C01-013-D0007,QV-C01-013,DS00,quebrada_verde,CAMPAIGN_01,162.006537861,163.006537861,1.000000000,2.703041775
QV-C01-013-D0008,QV-C01-013,DS00,quebrada_verde,CAMPAIGN_01,187.006537861,188.006537861,1.000000000,2.719032368
QV-C01-013-D0009,QV-C01-013,DS00,quebrada_verde,CAMPAIGN_01,212.006537861,213.006537861,1.000000000,2.675756328
QV-C01-014-D0001,QV-C01-014,DS00,quebrada_verde,CAMPAIGN_01,5.579119359,6.579119359,1.000000000,2.181988270
QV-C01-014-D0002,QV-C01-014,DS00,quebrada_verde,CAMPAIGN_01,30.579119359,31.579119359,1.000000000,2.714831505
QV-C01-014-D0003,QV-C01-014,DS00,quebrada_verde,CAMPAIGN_01,55.579119359,56.579119359,1.000000000,2.735614556
QV-C01-014-D0004,QV-C01-014,DS00,quebrada_verde,CAMPAIGN_01,80.579119359,81.579119359,1.000000000,2.716171642
QV-C01-014-D0005,QV-C01-014,DS00,quebrada_verde,CAMPAIGN_01,105.579119359,106.579119359,1.000000000,2.731167159
QV-C01-014-D0006,QV-C01-014,DS00,quebrada_verde,CAMPAIGN_01,130.579119359,131.579119359,1.000000000,2.750548326
QV-C01-014-D0007,QV-C01-014,DS00,quebrada_verde,CAMPAIGN_01,155.579119359,156.579119359,1.000000000,2.704743088
QV-C01-014-D0008,QV-C01-014,DS00,quebrada_verde,CAMPAIGN_01,180.579119359,181.579119359,1.000000000,2.702198511
QV-C01-014-D0009,QV-C01-014,DS00,quebrada_verde,CAMPAIGN_01,205.579119359,206.579119359,1.000000000,2.692820581
QV-C01-015-D0001,QV-C01-015,DS00,quebrada_verde,CAMPAIGN_01,22.628918917,23.628918917,1.000000000,2.727572265
QV-C01-015-D0002,QV-C01-015,DS00,quebrada_verde,CAMPAIGN_01,47.628918917,48.628918917,1.000000000,2.731795654
QV-C01-015-D0003,QV-C01-015,DS00,quebrada_verde,CAMPAIGN_01,72.628918917,73.628918917,1.000000000,2.744166892
QV-C01-015-D0004,QV-C01-015,DS00,quebrada_verde,CAMPAIGN_01,97.628918917,98.628918917,1.000000000,2.726520013
QV-C01-015-D0005,QV-C01-015,DS00,quebrada_verde,CAMPAIGN_01,122.628918917,123.628918917,1.000000000,2.709885072
QV-C01-015-D0006,QV-C01-015,DS00,quebrada_verde,CAMPAIGN_01,147.628918917,148.628918917,1.000000000,2.742284790
QV-C01-015-D0007,QV-C01-015,DS00,quebrada_verde,CAMPAIGN_01,172.628918917,173.628918917,1.000000000,2.755863096
QV-C01-015-D0008,QV-C01-015,DS00,quebrada_verde,CAMPAIGN_01,197.628918917,198.628918917,1.000000000,2.729647368
QV-C01-016-D0001,QV-C01-016,DS00,quebrada_verde,CAMPAIGN_01,16.538624043,17.538624043,1.000000000,2.726841999
QV-C01-016-D0002,QV-C01-016,DS00,quebrada_verde,CAMPAIGN_01,41.538624043,42.538624043,1.000000000,2.775242949
QV-C01-016-D0003,QV-C01-016,DS00,quebrada_verde,CAMPAIGN_01,66.538624043,67.538624043,1.000000000,2.740246766
QV-C01-016-D0004,QV-C01-016,DS00,quebrada_verde,CAMPAIGN_01,91.538624043,92.538624043,1.000000000,2.718258014
QV-C01-016-D0005,QV-C01-016,DS00,quebrada_verde,CAMPAIGN_01,116.538624043,117.538624043,1.000000000,2.732791064
QV-C01-016-D0006,QV-C01-016,DS00,quebrada_verde,CAMPAIGN_01,141.538624043,142.538624043,1.000000000,2.755021983
QV-C01-016-D0007,QV-C01-016,DS00,quebrada_verde,CAMPAIGN_01,166.538624043,167.538624043,1.000000000,2.721905667
QV-C01-016-D0008,QV-C01-016,DS00,quebrada_verde,CAMPAIGN_01,191.538624043,192.538624043,1.000000000,2.674551859
QV-C01-016-D0009,QV-C01-016,DS00,quebrada_verde,CAMPAIGN_01,216.538624043,217.538624043,1.000000000,2.695976426
QV-C01-016-D0010,QV-C01-016,DS00,quebrada_verde,CAMPAIGN_01,241.538624043,242.538624043,1.000000000,2.758479959
QV-C01-016-D0011,QV-C01-016,DS00,quebrada_verde,CAMPAIGN_01,266.538624043,267.538624043,1.000000000,2.694572063
QV-C02-001-D0001,QV-C02-001,DS00,quebrada_verde,CAMPAIGN_02,21.400423581,22.400423581,1.000000000,2.659630853
QV-C02-001-D0002,QV-C02-001,DS00,quebrada_verde,CAMPAIGN_02,46.400423581,47.400423581,1.000000000,2.648665987
QV-C02-001-D0003,QV-C02-001,DS00,quebrada_verde,CAMPAIGN_02,71.400423581,72.400423581,1.000000000,2.642073184
QV-C02-001-D0004,QV-C02-001,DS00,quebrada_verde,CAMPAIGN_02,96.400423581,97.400423581,1.000000000,2.663268452
QV-C02-001-D0005,QV-C02-001,DS00,quebrada_verde,CAMPAIGN_02,121.400423581,122.400423581,1.000000000,2.620849602
QV-C02-001-D0006,QV-C02-001,DS00,quebrada_verde,CAMPAIGN_02,146.400423581,147.400423581,1.000000000,2.634408842
QV-C02-001-D0007,QV-C02-001,DS00,quebrada_verde,CAMPAIGN_02,171.400423581,172.400423581,1.000000000,2.644685239
QV-C02-001-D0008,QV-C02-001,DS00,quebrada_verde,CAMPAIGN_02,196.400423581,197.400423581,1.000000000,2.643304393
QV-C02-001-D0009,QV-C02-001,DS00,quebrada_verde,CAMPAIGN_02,221.400423581,222.400423581,1.000000000,2.666496605
QV-C02-001-D0010,QV-C02-001,DS00,quebrada_verde,CAMPAIGN_02,246.400423581,247.400423581,1.000000000,2.644043798
QV-C02-002-D0001,QV-C02-002,DS00,quebrada_verde,CAMPAIGN_02,20.087536361,21.087536361,1.000000000,2.656871686
QV-C02-002-D0002,QV-C02-002,DS00,quebrada_verde,CAMPAIGN_02,45.087536361,46.087536361,1.000000000,2.705284135
QV-C02-002-D0003,QV-C02-002,DS00,quebrada_verde,CAMPAIGN_02,70.087536361,71.087536361,1.000000000,2.630520124
QV-C02-002-D0004,QV-C02-002,DS00,quebrada_verde,CAMPAIGN_02,95.087536361,96.087536361,1.000000000,2.655500793
QV-C02-002-D0005,QV-C02-002,DS00,quebrada_verde,CAMPAIGN_02,120.087536361,121.087536361,1.000000000,2.648495337
QV-C02-002-D0006,QV-C02-002,DS00,quebrada_verde,CAMPAIGN_02,145.087536361,146.087536361,1.000000000,2.664604580
QV-C02-002-D0007,QV-C02-002,DS00,quebrada_verde,CAMPAIGN_02,170.087536361,171.087536361,1.000000000,2.667101643
QV-C02-002-D0008,QV-C02-002,DS00,quebrada_verde,CAMPAIGN_02,195.087536361,196.087536361,1.000000000,2.660628403
QV-C02-002-D0009,QV-C02-002,DS00,quebrada_verde,CAMPAIGN_02,220.087536361,221.087536361,1.000000000,2.655834029
QV-C02-002-D0010,QV-C02-002,DS00,quebrada_verde,CAMPAIGN_02,245.087536361,246.087536361,1.000000000,2.697857277
QV-C02-003-D0001,QV-C02-003,DS00,quebrada_verde,CAMPAIGN_02,5.242468442,6.242468442,1.000000000,2.212786502
QV-C02-003-D0002,QV-C02-003,DS00,quebrada_verde,CAMPAIGN_02,30.242468442,31.242468442,1.000000000,2.642535929
QV-C02-003-D0003,QV-C02-003,DS00,quebrada_verde,CAMPAIGN_02,55.242468442,56.242468442,1.000000000,2.662192325
QV-C02-003-D0004,QV-C02-003,DS00,quebrada_verde,CAMPAIGN_02,80.242468442,81.242468442,1.000000000,2.661917685
QV-C02-003-D0005,QV-C02-003,DS00,quebrada_verde,CAMPAIGN_02,105.242468442,106.242468442,1.000000000,2.657266452
QV-C02-003-D0006,QV-C02-003,DS00,quebrada_verde,CAMPAIGN_02,130.242468442,131.242468442,1.000000000,2.646036345
QV-C02-003-D0007,QV-C02-003,DS00,quebrada_verde,CAMPAIGN_02,155.242468442,156.242468442,1.000000000,2.622682986
QV-C02-003-D0008,QV-C02-003,DS00,quebrada_verde,CAMPAIGN_02,180.242468442,181.242468442,1.000000000,2.655200315
QV-C02-003-D0009,QV-C02-003,DS00,quebrada_verde,CAMPAIGN_02,205.242468442,206.242468442,1.000000000,2.615428641
QV-C02-003-D0010,QV-C02-003,DS00,quebrada_verde,CAMPAIGN_02,230.242468442,231.242468442,1.000000000,2.667567147
QV-C02-003-D0011,QV-C02-003,DS00,quebrada_verde,CAMPAIGN_02,255.242468442,256.242468442,1.000000000,2.659058753
QV-C02-003-D0012,QV-C02-003,DS00,quebrada_verde,CAMPAIGN_02,280.242468442,281.242468442,1.000000000,2.702736918
QV-C02-004-D0001,QV-C02-004,DS00,quebrada_verde,CAMPAIGN_02,7.216160657,8.216160657,1.000000000,2.180658149
QV-C02-004-D0002,QV-C02-004,DS00,quebrada_verde,CAMPAIGN_02,32.216160657,33.216160657,1.000000000,2.732794437
QV-C02-004-D0003,QV-C02-004,DS00,quebrada_verde,CAMPAIGN_02,57.216160657,58.216160657,1.000000000,2.705760479
QV-C02-004-D0004,QV-C02-004,DS00,quebrada_verde,CAMPAIGN_02,82.216160657,83.216160657,1.000000000,2.753152008
QV-C02-004-D0005,QV-C02-004,DS00,quebrada_verde,CAMPAIGN_02,107.216160657,108.216160657,1.000000000,2.728823489
QV-C02-004-D0006,QV-C02-004,DS00,quebrada_verde,CAMPAIGN_02,132.216160657,133.216160657,1.000000000,2.716287359
QV-C02-004-D0007,QV-C02-004,DS00,quebrada_verde,CAMPAIGN_02,157.216160657,158.216160657,1.000000000,2.636109624
QV-C02-004-D0008,QV-C02-004,DS00,quebrada_verde,CAMPAIGN_02,182.216160657,183.216160657,1.000000000,2.630025463
QV-C02-004-D0009,QV-C02-004,DS00,quebrada_verde,CAMPAIGN_02,207.216160657,208.216160657,1.000000000,2.670394935
QV-C02-004-D0010,QV-C02-004,DS00,quebrada_verde,CAMPAIGN_02,232.216160657,233.216160657,1.000000000,2.627173214
QV-C02-004-D0011,QV-C02-004,DS00,quebrada_verde,CAMPAIGN_02,257.216160657,258.216160657,1.000000000,2.637985853
QV-C02-004-D0012,QV-C02-004,DS00,quebrada_verde,CAMPAIGN_02,282.216160657,283.216160657,1.000000000,2.665064106
QV-C02-004-D0013,QV-C02-004,DS00,quebrada_verde,CAMPAIGN_02,307.216160657,308.216160657,1.000000000,2.645130793
QV-C02-004-D0014,QV-C02-004,DS00,quebrada_verde,CAMPAIGN_02,332.216160657,333.216160657,1.000000000,2.642229148
QV-C02-004-D0015,QV-C02-004,DS00,quebrada_verde,CAMPAIGN_02,357.216160657,358.216160657,1.000000000,2.647823871
QV-C02-004-D0016,QV-C02-004,DS00,quebrada_verde,CAMPAIGN_02,382.216160657,383.216160657,1.000000000,2.641848647
QV-C02-005-D0001,QV-C02-005,DS00,quebrada_verde,CAMPAIGN_02,19.241942537,20.241942537,1.000000000,2.755999127
QV-C02-005-D0002,QV-C02-005,DS00,quebrada_verde,CAMPAIGN_02,44.241942537,45.241942537,1.000000000,2.745716815
QV-C02-005-D0003,QV-C02-005,DS00,quebrada_verde,CAMPAIGN_02,69.241942537,70.241942537,1.000000000,2.697171531
QV-C02-005-D0004,QV-C02-005,DS00,quebrada_verde,CAMPAIGN_02,94.241942537,95.241942537,1.000000000,2.713174873
QV-C02-005-D0005,QV-C02-005,DS00,quebrada_verde,CAMPAIGN_02,119.241942537,120.241942537,1.000000000,2.714554450
QV-C02-005-D0006,QV-C02-005,DS00,quebrada_verde,CAMPAIGN_02,144.241942537,145.241942537,1.000000000,2.705085772
QV-C02-005-D0007,QV-C02-005,DS00,quebrada_verde,CAMPAIGN_02,169.241942537,170.241942537,1.000000000,2.714365424
QV-C02-005-D0008,QV-C02-005,DS00,quebrada_verde,CAMPAIGN_02,194.241942537,195.241942537,1.000000000,2.726175192
QV-C02-005-D0009,QV-C02-005,DS00,quebrada_verde,CAMPAIGN_02,219.241942537,220.241942537,1.000000000,2.696048287
QV-C02-005-D0010,QV-C02-005,DS00,quebrada_verde,CAMPAIGN_02,244.241942537,245.241942537,1.000000000,2.724161092
QV-C02-005-D0011,QV-C02-005,DS00,quebrada_verde,CAMPAIGN_02,269.241942537,270.241942537,1.000000000,2.621341828
QV-C02-005-D0012,QV-C02-005,DS00,quebrada_verde,CAMPAIGN_02,294.241942537,295.241942537,1.000000000,2.619254704
QV-C02-005-D0013,QV-C02-005,DS00,quebrada_verde,CAMPAIGN_02,319.241942537,320.241942537,1.000000000,2.637743365
QV-C02-005-D0014,QV-C02-005,DS00,quebrada_verde,CAMPAIGN_02,344.241942537,345.241942537,1.000000000,2.635948214
QV-C02-005-D0015,QV-C02-005,DS00,quebrada_verde,CAMPAIGN_02,369.241942537,370.241942537,1.000000000,2.579670307
QV-C02-005-D0016,QV-C02-005,DS00,quebrada_verde,CAMPAIGN_02,394.241942537,395.241942537,1.000000000,2.655001567
QV-C02-005-D0017,QV-C02-005,DS00,quebrada_verde,CAMPAIGN_02,419.241942537,420.241942537,1.000000000,2.701271440
QV-C02-005-D0018,QV-C02-005,DS00,quebrada_verde,CAMPAIGN_02,444.241942537,445.241942537,1.000000000,2.631245554
QV-C02-006-D0001,QV-C02-006,DS00,quebrada_verde,CAMPAIGN_02,3.822262766,4.822262766,1.000000000,2.155790877
QV-C02-006-D0002,QV-C02-006,DS00,quebrada_verde,CAMPAIGN_02,28.822262766,29.822262766,1.000000000,2.652374170
QV-C02-006-D0003,QV-C02-006,DS00,quebrada_verde,CAMPAIGN_02,53.822262766,54.822262766,1.000000000,2.651229340
QV-C02-006-D0004,QV-C02-006,DS00,quebrada_verde,CAMPAIGN_02,78.822262766,79.822262766,1.000000000,2.669291593
QV-C02-006-D0005,QV-C02-006,DS00,quebrada_verde,CAMPAIGN_02,103.822262766,104.822262766,1.000000000,2.649182369
QV-C02-006-D0006,QV-C02-006,DS00,quebrada_verde,CAMPAIGN_02,128.822262766,129.822262766,1.000000000,2.634536818
QV-C02-006-D0007,QV-C02-006,DS00,quebrada_verde,CAMPAIGN_02,153.822262766,154.822262766,1.000000000,2.649972717
QV-C02-006-D0008,QV-C02-006,DS00,quebrada_verde,CAMPAIGN_02,178.822262766,179.822262766,1.000000000,2.637567651
QV-C02-006-D0009,QV-C02-006,DS00,quebrada_verde,CAMPAIGN_02,203.822262766,204.822262766,1.000000000,2.644076682
QV-C02-007-D0001,QV-C02-007,DS00,quebrada_verde,CAMPAIGN_02,2.317799732,3.317799732,1.000000000,2.205425599
QV-C02-007-D0002,QV-C02-007,DS00,quebrada_verde,CAMPAIGN_02,27.317799732,28.317799732,1.000000000,2.671451114
QV-C02-007-D0003,QV-C02-007,DS00,quebrada_verde,CAMPAIGN_02,52.317799732,53.317799732,1.000000000,2.638833017
QV-C02-007-D0004,QV-C02-007,DS00,quebrada_verde,CAMPAIGN_02,77.317799732,78.317799732,1.000000000,2.634060297
QV-C02-007-D0005,QV-C02-007,DS00,quebrada_verde,CAMPAIGN_02,102.317799732,103.317799732,1.000000000,2.649356325
QV-C02-007-D0006,QV-C02-007,DS00,quebrada_verde,CAMPAIGN_02,127.317799732,128.317799732,1.000000000,2.624576400
QV-C02-007-D0007,QV-C02-007,DS00,quebrada_verde,CAMPAIGN_02,152.317799732,153.317799732,1.000000000,2.625205586
QV-C02-007-D0008,QV-C02-007,DS00,quebrada_verde,CAMPAIGN_02,177.317799732,178.317799732,1.000000000,2.606533694
QV-C02-007-D0009,QV-C02-007,DS00,quebrada_verde,CAMPAIGN_02,202.317799732,203.317799732,1.000000000,2.637336600
QV-C02-007-D0010,QV-C02-007,DS00,quebrada_verde,CAMPAIGN_02,227.317799732,228.317799732,1.000000000,2.630581870
QV-C02-008-D0001,QV-C02-008,DS00,quebrada_verde,CAMPAIGN_02,6.386767808,7.386767808,1.000000000,2.178860870
QV-C02-008-D0002,QV-C02-008,DS00,quebrada_verde,CAMPAIGN_02,31.386767808,32.386767808,1.000000000,2.658151682
QV-C02-008-D0003,QV-C02-008,DS00,quebrada_verde,CAMPAIGN_02,56.386767808,57.386767808,1.000000000,2.673217183
QV-C02-008-D0004,QV-C02-008,DS00,quebrada_verde,CAMPAIGN_02,81.386767808,82.386767808,1.000000000,2.659634495
QV-C02-008-D0005,QV-C02-008,DS00,quebrada_verde,CAMPAIGN_02,106.386767808,107.386767808,1.000000000,2.703462573
QV-C02-008-D0006,QV-C02-008,DS00,quebrada_verde,CAMPAIGN_02,131.386767808,132.386767808,1.000000000,2.625481119
QV-C02-008-D0007,QV-C02-008,DS00,quebrada_verde,CAMPAIGN_02,156.386767808,157.386767808,1.000000000,2.618661464
QV-C02-008-D0008,QV-C02-008,DS00,quebrada_verde,CAMPAIGN_02,181.386767808,182.386767808,1.000000000,2.634426759
QV-C02-008-D0009,QV-C02-008,DS00,quebrada_verde,CAMPAIGN_02,206.386767808,207.386767808,1.000000000,2.662378767
QV-C02-008-D0010,QV-C02-008,DS00,quebrada_verde,CAMPAIGN_02,231.386767808,232.386767808,1.000000000,2.637870458
QV-C02-008-D0011,QV-C02-008,DS00,quebrada_verde,CAMPAIGN_02,256.386767808,257.386767808,1.000000000,2.628076859
QV-C02-009-D0001,QV-C02-009,DS00,quebrada_verde,CAMPAIGN_02,21.465351335,22.465351335,1.000000000,2.760901811
QV-C02-009-D0002,QV-C02-009,DS00,quebrada_verde,CAMPAIGN_02,46.465351335,47.465351335,1.000000000,2.709091489
QV-C02-009-D0003,QV-C02-009,DS00,quebrada_verde,CAMPAIGN_02,71.465351335,72.465351335,1.000000000,2.656319814
QV-C02-009-D0004,QV-C02-009,DS00,quebrada_verde,CAMPAIGN_02,96.465351335,97.465351335,1.000000000,2.663639145
QV-C02-009-D0005,QV-C02-009,DS00,quebrada_verde,CAMPAIGN_02,121.465351335,122.465351335,1.000000000,2.641984533
QV-C02-009-D0006,QV-C02-009,DS00,quebrada_verde,CAMPAIGN_02,146.465351335,147.465351335,1.000000000,2.650498460
QV-C02-009-D0007,QV-C02-009,DS00,quebrada_verde,CAMPAIGN_02,171.465351335,172.465351335,1.000000000,2.641107524
QV-C02-009-D0008,QV-C02-009,DS00,quebrada_verde,CAMPAIGN_02,196.465351335,197.465351335,1.000000000,2.647640712
QV-C02-009-D0009,QV-C02-009,DS00,quebrada_verde,CAMPAIGN_02,221.465351335,222.465351335,1.000000000,2.637761061
QV-C02-009-D0010,QV-C02-009,DS00,quebrada_verde,CAMPAIGN_02,246.465351335,247.465351335,1.000000000,2.663068329
QV-C02-009-D0011,QV-C02-009,DS00,quebrada_verde,CAMPAIGN_02,271.465351335,272.465351335,1.000000000,2.643154332
QV-C02-009-D0012,QV-C02-009,DS00,quebrada_verde,CAMPAIGN_02,296.465351335,297.465351335,1.000000000,2.656941463
QV-C02-009-D0013,QV-C02-009,DS00,quebrada_verde,CAMPAIGN_02,321.465351335,322.465351335,1.000000000,2.639580028
QV-C02-010-D0001,QV-C02-010,DS00,quebrada_verde,CAMPAIGN_02,8.176715953,9.176715953,1.000000000,2.171979805
QV-C02-010-D0002,QV-C02-010,DS00,quebrada_verde,CAMPAIGN_02,33.176715953,34.176715953,1.000000000,2.729798963
QV-C02-010-D0003,QV-C02-010,DS00,quebrada_verde,CAMPAIGN_02,58.176715953,59.176715953,1.000000000,2.703397512
QV-C02-010-D0004,QV-C02-010,DS00,quebrada_verde,CAMPAIGN_02,83.176715953,84.176715953,1.000000000,2.699113947
QV-C02-010-D0005,QV-C02-010,DS00,quebrada_verde,CAMPAIGN_02,108.176715953,109.176715953,1.000000000,2.754072418
QV-C02-010-D0006,QV-C02-010,DS00,quebrada_verde,CAMPAIGN_02,133.176715953,134.176715953,1.000000000,2.730988884
QV-C02-010-D0007,QV-C02-010,DS00,quebrada_verde,CAMPAIGN_02,158.176715953,159.176715953,1.000000000,2.718213677
QV-C02-010-D0008,QV-C02-010,DS00,quebrada_verde,CAMPAIGN_02,183.176715953,184.176715953,1.000000000,2.632126572
QV-C02-010-D0009,QV-C02-010,DS00,quebrada_verde,CAMPAIGN_02,208.176715953,209.176715953,1.000000000,2.667582449
QV-C02-010-D0010,QV-C02-010,DS00,quebrada_verde,CAMPAIGN_02,233.176715953,234.176715953,1.000000000,2.618082966
QV-C02-010-D0011,QV-C02-010,DS00,quebrada_verde,CAMPAIGN_02,258.176715953,259.176715953,1.000000000,2.647013987
QV-C02-010-D0012,QV-C02-010,DS00,quebrada_verde,CAMPAIGN_02,283.176715953,284.176715953,1.000000000,2.663030319
QV-C02-010-D0013,QV-C02-010,DS00,quebrada_verde,CAMPAIGN_02,308.176715953,309.176715953,1.000000000,2.671080413
QV-C02-010-D0014,QV-C02-010,DS00,quebrada_verde,CAMPAIGN_02,333.176715953,334.176715953,1.000000000,2.645443517
QV-C02-010-D0015,QV-C02-010,DS00,quebrada_verde,CAMPAIGN_02,358.176715953,359.176715953,1.000000000,2.645323166
QV-C02-010-D0016,QV-C02-010,DS00,quebrada_verde,CAMPAIGN_02,383.176715953,384.176715953,1.000000000,2.635202817
QV-C02-011-D0001,QV-C02-011,DS00,quebrada_verde,CAMPAIGN_02,6.382240982,7.382240982,1.000000000,2.167035051
QV-C02-011-D0002,QV-C02-011,DS00,quebrada_verde,CAMPAIGN_02,31.382240982,32.382240982,1.000000000,2.655372130
QV-C02-011-D0003,QV-C02-011,DS00,quebrada_verde,CAMPAIGN_02,56.382240982,57.382240982,1.000000000,2.672239413
QV-C02-011-D0004,QV-C02-011,DS00,quebrada_verde,CAMPAIGN_02,81.382240982,82.382240982,1.000000000,2.614269150
QV-C02-011-D0005,QV-C02-011,DS00,quebrada_verde,CAMPAIGN_02,106.382240982,107.382240982,1.000000000,2.663466804
QV-C02-011-D0006,QV-C02-011,DS00,quebrada_verde,CAMPAIGN_02,131.382240982,132.382240982,1.000000000,2.666106604
QV-C02-011-D0007,QV-C02-011,DS00,quebrada_verde,CAMPAIGN_02,156.382240982,157.382240982,1.000000000,2.654741963
QV-C02-011-D0008,QV-C02-011,DS00,quebrada_verde,CAMPAIGN_02,181.382240982,182.382240982,1.000000000,2.654616438
QV-C02-011-D0009,QV-C02-011,DS00,quebrada_verde,CAMPAIGN_02,206.382240982,207.382240982,1.000000000,2.659829131
QV-C02-012-D0001,QV-C02-012,DS00,quebrada_verde,CAMPAIGN_02,23.768419452,24.768419452,1.000000000,2.645948841
QV-C02-012-D0002,QV-C02-012,DS00,quebrada_verde,CAMPAIGN_02,48.768419452,49.768419452,1.000000000,2.640769665
QV-C02-012-D0003,QV-C02-012,DS00,quebrada_verde,CAMPAIGN_02,73.768419452,74.768419452,1.000000000,2.647507323
QV-C02-012-D0004,QV-C02-012,DS00,quebrada_verde,CAMPAIGN_02,98.768419452,99.768419452,1.000000000,2.610366826
QV-C02-012-D0005,QV-C02-012,DS00,quebrada_verde,CAMPAIGN_02,123.768419452,124.768419452,1.000000000,2.610237729
QV-C02-012-D0006,QV-C02-012,DS00,quebrada_verde,CAMPAIGN_02,148.768419452,149.768419452,1.000000000,2.678458194
QV-C02-012-D0007,QV-C02-012,DS00,quebrada_verde,CAMPAIGN_02,173.768419452,174.768419452,1.000000000,2.614797514
QV-C02-012-D0008,QV-C02-012,DS00,quebrada_verde,CAMPAIGN_02,198.768419452,199.768419452,1.000000000,2.639616451
QV-C02-013-D0001,QV-C02-013,DS00,quebrada_verde,CAMPAIGN_02,2.908981822,3.908981822,1.000000000,2.189436495
QV-C02-013-D0002,QV-C02-013,DS00,quebrada_verde,CAMPAIGN_02,27.908981822,28.908981822,1.000000000,2.644678580
QV-C02-013-D0003,QV-C02-013,DS00,quebrada_verde,CAMPAIGN_02,52.908981822,53.908981822,1.000000000,2.631240196
QV-C02-013-D0004,QV-C02-013,DS00,quebrada_verde,CAMPAIGN_02,77.908981822,78.908981822,1.000000000,2.671421391
QV-C02-013-D0005,QV-C02-013,DS00,quebrada_verde,CAMPAIGN_02,102.908981822,103.908981822,1.000000000,2.648638781
QV-C02-013-D0006,QV-C02-013,DS00,quebrada_verde,CAMPAIGN_02,127.908981822,128.908981822,1.000000000,2.617624125
QV-C02-013-D0007,QV-C02-013,DS00,quebrada_verde,CAMPAIGN_02,152.908981822,153.908981822,1.000000000,2.613372536
QV-C02-013-D0008,QV-C02-013,DS00,quebrada_verde,CAMPAIGN_02,177.908981822,178.908981822,1.000000000,2.679088347
QV-C02-013-D0009,QV-C02-013,DS00,quebrada_verde,CAMPAIGN_02,202.908981822,203.908981822,1.000000000,2.687077616
QV-C02-013-D0010,QV-C02-013,DS00,quebrada_verde,CAMPAIGN_02,227.908981822,228.908981822,1.000000000,2.635646852
QV-C02-014-D0001,QV-C02-014,DS00,quebrada_verde,CAMPAIGN_02,18.807374602,19.807374602,1.000000000,2.743804866
QV-C02-014-D0002,QV-C02-014,DS00,quebrada_verde,CAMPAIGN_02,43.807374602,44.807374602,1.000000000,2.645368979
QV-C02-014-D0003,QV-C02-014,DS00,quebrada_verde,CAMPAIGN_02,68.807374602,69.807374602,1.000000000,2.637132775
QV-C02-014-D0004,QV-C02-014,DS00,quebrada_verde,CAMPAIGN_02,93.807374602,94.807374602,1.000000000,2.659835387
QV-C02-014-D0005,QV-C02-014,DS00,quebrada_verde,CAMPAIGN_02,118.807374602,119.807374602,1.000000000,2.681656692
QV-C02-014-D0006,QV-C02-014,DS00,quebrada_verde,CAMPAIGN_02,143.807374602,144.807374602,1.000000000,2.666573384
QV-C02-014-D0007,QV-C02-014,DS00,quebrada_verde,CAMPAIGN_02,168.807374602,169.807374602,1.000000000,2.638182893
QV-C02-014-D0008,QV-C02-014,DS00,quebrada_verde,CAMPAIGN_02,193.807374602,194.807374602,1.000000000,2.654828317
QV-C02-014-D0009,QV-C02-014,DS00,quebrada_verde,CAMPAIGN_02,218.807374602,219.807374602,1.000000000,2.661150757
QV-C02-014-D0010,QV-C02-014,DS00,quebrada_verde,CAMPAIGN_02,243.807374602,244.807374602,1.000000000,2.674783221
QV-C02-015-D0001,QV-C02-015,DS00,quebrada_verde,CAMPAIGN_02,10.662385006,11.662385006,1.000000000,2.435540217
QV-C02-015-D0002,QV-C02-015,DS00,quebrada_verde,CAMPAIGN_02,35.662385006,36.662385006,1.000000000,2.730545975
QV-C02-015-D0003,QV-C02-015,DS00,quebrada_verde,CAMPAIGN_02,60.662385006,61.662385006,1.000000000,2.733159825
QV-C02-015-D0004,QV-C02-015,DS00,quebrada_verde,CAMPAIGN_02,85.662385006,86.662385006,1.000000000,2.670947040
QV-C02-015-D0005,QV-C02-015,DS00,quebrada_verde,CAMPAIGN_02,110.662385006,111.662385006,1.000000000,2.698940115
QV-C02-015-D0006,QV-C02-015,DS00,quebrada_verde,CAMPAIGN_02,135.662385006,136.662385006,1.000000000,2.643226564
QV-C02-015-D0007,QV-C02-015,DS00,quebrada_verde,CAMPAIGN_02,160.662385006,161.662385006,1.000000000,2.649498636
QV-C02-015-D0008,QV-C02-015,DS00,quebrada_verde,CAMPAIGN_02,185.662385006,186.662385006,1.000000000,2.629946172
QV-C02-015-D0009,QV-C02-015,DS00,quebrada_verde,CAMPAIGN_02,210.662385006,211.662385006,1.000000000,2.643701036
QV-C02-015-D0010,QV-C02-015,DS00,quebrada_verde,CAMPAIGN_02,235.662385006,236.662385006,1.000000000,2.632548569
QV-C02-015-D0011,QV-C02-015,DS00,quebrada_verde,CAMPAIGN_02,260.662385006,261.662385006,1.000000000,2.653494829
QV-C02-015-D0012,QV-C02-015,DS00,quebrada_verde,CAMPAIGN_02,285.662385006,286.662385006,1.000000000,2.648019948
QV-C02-016-D0001,QV-C02-016,DS00,quebrada_verde,CAMPAIGN_02,1.987135031,2.987135031,1.000000000,2.242583210
QV-C02-016-D0002,QV-C02-016,DS00,quebrada_verde,CAMPAIGN_02,26.987135031,27.987135031,1.000000000,2.691651849
QV-C02-016-D0003,QV-C02-016,DS00,quebrada_verde,CAMPAIGN_02,51.987135031,52.987135031,1.000000000,2.724411356
QV-C02-016-D0004,QV-C02-016,DS00,quebrada_verde,CAMPAIGN_02,76.987135031,77.987135031,1.000000000,2.657203387
QV-C02-016-D0005,QV-C02-016,DS00,quebrada_verde,CAMPAIGN_02,101.987135031,102.987135031,1.000000000,2.660941543
QV-C02-016-D0006,QV-C02-016,DS00,quebrada_verde,CAMPAIGN_02,126.987135031,127.987135031,1.000000000,2.635299592
QV-C02-016-D0007,QV-C02-016,DS00,quebrada_verde,CAMPAIGN_02,151.987135031,152.987135031,1.000000000,2.685021098
QV-C02-016-D0008,QV-C02-016,DS00,quebrada_verde,CAMPAIGN_02,176.987135031,177.987135031,1.000000000,2.664925948
QV-C02-016-D0009,QV-C02-016,DS00,quebrada_verde,CAMPAIGN_02,201.987135031,202.987135031,1.000000000,2.683110439
QV-C02-017-D0001,QV-C02-017,DS00,quebrada_verde,CAMPAIGN_02,9.699566143,10.699566143,1.000000000,2.770494492
QV-C02-017-D0002,QV-C02-017,DS00,quebrada_verde,CAMPAIGN_02,34.699566143,35.699566143,1.000000000,2.663809833
QV-C02-017-D0003,QV-C02-017,DS00,quebrada_verde,CAMPAIGN_02,59.699566143,60.699566143,1.000000000,2.647452227
QV-C02-017-D0004,QV-C02-017,DS00,quebrada_verde,CAMPAIGN_02,84.699566143,85.699566143,1.000000000,2.625313141
QV-C02-017-D0005,QV-C02-017,DS00,quebrada_verde,CAMPAIGN_02,109.699566143,110.699566143,1.000000000,2.661139413
QV-C02-017-D0006,QV-C02-017,DS00,quebrada_verde,CAMPAIGN_02,134.699566143,135.699566143,1.000000000,2.626426397
QV-C02-017-D0007,QV-C02-017,DS00,quebrada_verde,CAMPAIGN_02,159.699566143,160.699566143,1.000000000,2.616522241
QV-C02-017-D0008,QV-C02-017,DS00,quebrada_verde,CAMPAIGN_02,184.699566143,185.699566143,1.000000000,2.685906533
QV-C02-017-D0009,QV-C02-017,DS00,quebrada_verde,CAMPAIGN_02,209.699566143,210.699566143,1.000000000,2.662604292
QV-C02-018-D0001,QV-C02-018,DS00,quebrada_verde,CAMPAIGN_02,8.905075279,9.905075279,1.000000000,2.713255872
QV-C02-018-D0002,QV-C02-018,DS00,quebrada_verde,CAMPAIGN_02,33.905075279,34.905075279,1.000000000,2.651873733
QV-C02-018-D0003,QV-C02-018,DS00,quebrada_verde,CAMPAIGN_02,58.905075279,59.905075279,1.000000000,2.631181218
QV-C02-018-D0004,QV-C02-018,DS00,quebrada_verde,CAMPAIGN_02,83.905075279,84.905075279,1.000000000,2.635514956
QV-C02-018-D0005,QV-C02-018,DS00,quebrada_verde,CAMPAIGN_02,108.905075279,109.905075279,1.000000000,2.614088228
QV-C02-018-D0006,QV-C02-018,DS00,quebrada_verde,CAMPAIGN_02,133.905075279,134.905075279,1.000000000,2.666825744
QV-C02-018-D0007,QV-C02-018,DS00,quebrada_verde,CAMPAIGN_02,158.905075279,159.905075279,1.000000000,2.652438076
QV-C02-018-D0008,QV-C02-018,DS00,quebrada_verde,CAMPAIGN_02,183.905075279,184.905075279,1.000000000,2.607883906
QV-C02-018-D0009,QV-C02-018,DS00,quebrada_verde,CAMPAIGN_02,208.905075279,209.905075279,1.000000000,2.675981591
QV-C02-019-D0001,QV-C02-019,DS00,quebrada_verde,CAMPAIGN_02,17.697019744,18.697019744,1.000000000,2.750091304
QV-C02-019-D0002,QV-C02-019,DS00,quebrada_verde,CAMPAIGN_02,42.697019744,43.697019744,1.000000000,2.728813382
QV-C02-019-D0003,QV-C02-019,DS00,quebrada_verde,CAMPAIGN_02,67.697019744,68.697019744,1.000000000,2.729748670
QV-C02-019-D0004,QV-C02-019,DS00,quebrada_verde,CAMPAIGN_02,92.697019744,93.697019744,1.000000000,2.678668339
QV-C02-019-D0005,QV-C02-019,DS00,quebrada_verde,CAMPAIGN_02,117.697019744,118.697019744,1.000000000,2.629629433
QV-C02-019-D0006,QV-C02-019,DS00,quebrada_verde,CAMPAIGN_02,142.697019744,143.697019744,1.000000000,2.641334778
QV-C02-019-D0007,QV-C02-019,DS00,quebrada_verde,CAMPAIGN_02,167.697019744,168.697019744,1.000000000,2.650682795
QV-C02-019-D0008,QV-C02-019,DS00,quebrada_verde,CAMPAIGN_02,192.697019744,193.697019744,1.000000000,2.663072607
QV-C02-019-D0009,QV-C02-019,DS00,quebrada_verde,CAMPAIGN_02,217.697019744,218.697019744,1.000000000,2.697368866
QV-C02-020-D0001,QV-C02-020,DS00,quebrada_verde,CAMPAIGN_02,17.434670837,18.434670837,1.000000000,2.729538794
QV-C02-020-D0002,QV-C02-020,DS00,quebrada_verde,CAMPAIGN_02,42.434670837,43.434670837,1.000000000,2.696287622
QV-C02-020-D0003,QV-C02-020,DS00,quebrada_verde,CAMPAIGN_02,67.434670837,68.434670837,1.000000000,2.696666853
QV-C02-020-D0004,QV-C02-020,DS00,quebrada_verde,CAMPAIGN_02,92.434670837,93.434670837,1.000000000,2.700343934
QV-C02-020-D0005,QV-C02-020,DS00,quebrada_verde,CAMPAIGN_02,117.434670837,118.434670837,1.000000000,2.715555228
QV-C02-020-D0006,QV-C02-020,DS00,quebrada_verde,CAMPAIGN_02,142.434670837,143.434670837,1.000000000,2.706970515
QV-C02-020-D0007,QV-C02-020,DS00,quebrada_verde,CAMPAIGN_02,167.434670837,168.434670837,1.000000000,2.709615065
QV-C02-020-D0008,QV-C02-020,DS00,quebrada_verde,CAMPAIGN_02,192.434670837,193.434670837,1.000000000,2.644723264
QV-C02-020-D0009,QV-C02-020,DS00,quebrada_verde,CAMPAIGN_02,217.434670837,218.434670837,1.000000000,2.663651654
QV-C02-020-D0010,QV-C02-020,DS00,quebrada_verde,CAMPAIGN_02,242.434670837,243.434670837,1.000000000,2.675714245
QV-C02-020-D0011,QV-C02-020,DS00,quebrada_verde,CAMPAIGN_02,267.434670837,268.434670837,1.000000000,2.655524621
QV-C02-020-D0012,QV-C02-020,DS00,quebrada_verde,CAMPAIGN_02,292.434670837,293.434670837,1.000000000,2.675028657
QV-C03-001-D0001,QV-C03-001,DS00,quebrada_verde,CAMPAIGN_03,1.098716087,2.098716087,1.000000000,2.169015968
QV-C03-001-D0002,QV-C03-001,DS00,quebrada_verde,CAMPAIGN_03,26.098716087,27.098716087,1.000000000,2.624760602
QV-C03-001-D0003,QV-C03-001,DS00,quebrada_verde,CAMPAIGN_03,51.098716087,52.098716087,1.000000000,2.640332068
QV-C03-001-D0004,QV-C03-001,DS00,quebrada_verde,CAMPAIGN_03,76.098716087,77.098716087,1.000000000,2.649174098
QV-C03-001-D0005,QV-C03-001,DS00,quebrada_verde,CAMPAIGN_03,101.098716087,102.098716087,1.000000000,2.611694741
QV-C03-001-D0006,QV-C03-001,DS00,quebrada_verde,CAMPAIGN_03,126.098716087,127.098716087,1.000000000,2.656947849
QV-C03-001-D0007,QV-C03-001,DS00,quebrada_verde,CAMPAIGN_03,151.098716087,152.098716087,1.000000000,2.668944806
QV-C03-001-D0008,QV-C03-001,DS00,quebrada_verde,CAMPAIGN_03,176.098716087,177.098716087,1.000000000,2.631597990
QV-C03-001-D0009,QV-C03-001,DS00,quebrada_verde,CAMPAIGN_03,201.098716087,202.098716087,1.000000000,2.642972750
QV-C03-001-D0010,QV-C03-001,DS00,quebrada_verde,CAMPAIGN_03,226.098716087,227.098716087,1.000000000,2.674003487
QV-C03-002-D0001,QV-C03-002,DS00,quebrada_verde,CAMPAIGN_03,20.301296754,21.301296754,1.000000000,2.717921447
QV-C03-002-D0002,QV-C03-002,DS00,quebrada_verde,CAMPAIGN_03,45.301296754,46.301296754,1.000000000,2.641731717
QV-C03-002-D0003,QV-C03-002,DS00,quebrada_verde,CAMPAIGN_03,70.301296754,71.301296754,1.000000000,2.651025804
QV-C03-002-D0004,QV-C03-002,DS00,quebrada_verde,CAMPAIGN_03,95.301296754,96.301296754,1.000000000,2.649136756
QV-C03-002-D0005,QV-C03-002,DS00,quebrada_verde,CAMPAIGN_03,120.301296754,121.301296754,1.000000000,2.671149046
QV-C03-002-D0006,QV-C03-002,DS00,quebrada_verde,CAMPAIGN_03,145.301296754,146.301296754,1.000000000,2.680546697
QV-C03-002-D0007,QV-C03-002,DS00,quebrada_verde,CAMPAIGN_03,170.301296754,171.301296754,1.000000000,2.625550402
QV-C03-002-D0008,QV-C03-002,DS00,quebrada_verde,CAMPAIGN_03,195.301296754,196.301296754,1.000000000,2.635852140
QV-C03-002-D0009,QV-C03-002,DS00,quebrada_verde,CAMPAIGN_03,220.301296754,221.301296754,1.000000000,2.632700083
QV-C03-002-D0010,QV-C03-002,DS00,quebrada_verde,CAMPAIGN_03,245.301296754,246.301296754,1.000000000,2.663725814
QV-C03-002-D0011,QV-C03-002,DS00,quebrada_verde,CAMPAIGN_03,270.301296754,271.301296754,1.000000000,2.654452462
QV-C03-002-D0012,QV-C03-002,DS00,quebrada_verde,CAMPAIGN_03,295.301296754,296.301296754,1.000000000,2.605227969
QV-C03-002-D0013,QV-C03-002,DS00,quebrada_verde,CAMPAIGN_03,320.301296754,321.301296754,1.000000000,2.662015799
QV-C03-003-D0001,QV-C03-003,DS00,quebrada_verde,CAMPAIGN_03,1.407742475,2.407742475,1.000000000,2.223328370
QV-C03-003-D0002,QV-C03-003,DS00,quebrada_verde,CAMPAIGN_03,26.407742475,27.407742475,1.000000000,2.646963032
QV-C03-003-D0003,QV-C03-003,DS00,quebrada_verde,CAMPAIGN_03,51.407742475,52.407742475,1.000000000,2.651639068
QV-C03-003-D0004,QV-C03-003,DS00,quebrada_verde,CAMPAIGN_03,76.407742475,77.407742475,1.000000000,2.681433066
QV-C03-003-D0005,QV-C03-003,DS00,quebrada_verde,CAMPAIGN_03,101.407742475,102.407742475,1.000000000,2.659274593
QV-C03-003-D0006,QV-C03-003,DS00,quebrada_verde,CAMPAIGN_03,126.407742475,127.407742475,1.000000000,2.673761175
QV-C03-003-D0007,QV-C03-003,DS00,quebrada_verde,CAMPAIGN_03,151.407742475,152.407742475,1.000000000,2.670953643
QV-C03-003-D0008,QV-C03-003,DS00,quebrada_verde,CAMPAIGN_03,176.407742475,177.407742475,1.000000000,2.642299382
QV-C03-003-D0009,QV-C03-003,DS00,quebrada_verde,CAMPAIGN_03,201.407742475,202.407742475,1.000000000,2.646667005
QV-C03-003-D0010,QV-C03-003,DS00,quebrada_verde,CAMPAIGN_03,226.407742475,227.407742475,1.000000000,2.660968065
QV-C03-003-D0011,QV-C03-003,DS00,quebrada_verde,CAMPAIGN_03,251.407742475,252.407742475,1.000000000,2.641992736
QV-C03-003-D0012,QV-C03-003,DS00,quebrada_verde,CAMPAIGN_03,276.407742475,277.407742475,1.000000000,2.624146361
QV-C03-004-D0001,QV-C03-004,DS00,quebrada_verde,CAMPAIGN_03,19.061347225,20.061347225,1.000000000,2.633553528
QV-C03-004-D0002,QV-C03-004,DS00,quebrada_verde,CAMPAIGN_03,44.061347225,45.061347225,1.000000000,2.606903758
QV-C03-004-D0003,QV-C03-004,DS00,quebrada_verde,CAMPAIGN_03,69.061347225,70.061347225,1.000000000,2.632893330
QV-C03-004-D0004,QV-C03-004,DS00,quebrada_verde,CAMPAIGN_03,94.061347225,95.061347225,1.000000000,2.657797768
QV-C03-004-D0005,QV-C03-004,DS00,quebrada_verde,CAMPAIGN_03,119.061347225,120.061347225,1.000000000,2.633979233
QV-C03-004-D0006,QV-C03-004,DS00,quebrada_verde,CAMPAIGN_03,144.061347225,145.061347225,1.000000000,2.651692916
QV-C03-004-D0007,QV-C03-004,DS00,quebrada_verde,CAMPAIGN_03,169.061347225,170.061347225,1.000000000,2.658797349
QV-C03-004-D0008,QV-C03-004,DS00,quebrada_verde,CAMPAIGN_03,194.061347225,195.061347225,1.000000000,2.617466683
QV-C03-004-D0009,QV-C03-004,DS00,quebrada_verde,CAMPAIGN_03,219.061347225,220.061347225,1.000000000,2.633159150
QV-C03-005-D0001,QV-C03-005,DS00,quebrada_verde,CAMPAIGN_03,9.932234437,10.932234437,1.000000000,2.641373481
QV-C03-005-D0002,QV-C03-005,DS00,quebrada_verde,CAMPAIGN_03,34.932234437,35.932234437,1.000000000,2.660595143
QV-C03-005-D0003,QV-C03-005,DS00,quebrada_verde,CAMPAIGN_03,59.932234437,60.932234437,1.000000000,2.659247306
QV-C03-005-D0004,QV-C03-005,DS00,quebrada_verde,CAMPAIGN_03,84.932234437,85.932234437,1.000000000,2.648257126
QV-C03-005-D0005,QV-C03-005,DS00,quebrada_verde,CAMPAIGN_03,109.932234437,110.932234437,1.000000000,2.648963695
QV-C03-005-D0006,QV-C03-005,DS00,quebrada_verde,CAMPAIGN_03,134.932234437,135.932234437,1.000000000,2.636439587
QV-C03-005-D0007,QV-C03-005,DS00,quebrada_verde,CAMPAIGN_03,159.932234437,160.932234437,1.000000000,2.664895066
QV-C03-005-D0008,QV-C03-005,DS00,quebrada_verde,CAMPAIGN_03,184.932234437,185.932234437,1.000000000,2.618810116
QV-C03-005-D0009,QV-C03-005,DS00,quebrada_verde,CAMPAIGN_03,209.932234437,210.932234437,1.000000000,2.643506025
QV-C03-005-D0010,QV-C03-005,DS00,quebrada_verde,CAMPAIGN_03,234.932234437,235.932234437,1.000000000,2.662326174
QV-C03-006-D0001,QV-C03-006,DS00,quebrada_verde,CAMPAIGN_03,11.984091382,12.984091382,1.000000000,2.667419132
QV-C03-006-D0002,QV-C03-006,DS00,quebrada_verde,CAMPAIGN_03,36.984091382,37.984091382,1.000000000,2.660163294
QV-C03-006-D0003,QV-C03-006,DS00,quebrada_verde,CAMPAIGN_03,61.984091382,62.984091382,1.000000000,2.673506917
QV-C03-006-D0004,QV-C03-006,DS00,quebrada_verde,CAMPAIGN_03,86.984091382,87.984091382,1.000000000,2.679023771
QV-C03-006-D0005,QV-C03-006,DS00,quebrada_verde,CAMPAIGN_03,111.984091382,112.984091382,1.000000000,2.638268228
QV-C03-006-D0006,QV-C03-006,DS00,quebrada_verde,CAMPAIGN_03,136.984091382,137.984091382,1.000000000,2.689725764
QV-C03-006-D0007,QV-C03-006,DS00,quebrada_verde,CAMPAIGN_03,161.984091382,162.984091382,1.000000000,2.630694228
QV-C03-006-D0008,QV-C03-006,DS00,quebrada_verde,CAMPAIGN_03,186.984091382,187.984091382,1.000000000,2.623479867
QV-C03-006-D0009,QV-C03-006,DS00,quebrada_verde,CAMPAIGN_03,211.984091382,212.984091382,1.000000000,2.622811388
QV-C03-006-D0010,QV-C03-006,DS00,quebrada_verde,CAMPAIGN_03,236.984091382,237.984091382,1.000000000,2.647215660
QV-C03-006-D0011,QV-C03-006,DS00,quebrada_verde,CAMPAIGN_03,261.984091382,262.984091382,1.000000000,2.659030557
